Epochs,Avg. TOTAL_LOSS,Avg. LOSS_ELBO,Avg. LOSS_SUP,Avg. NLL,Avg. KLD_TOT,Avg. KLD_Y,Avg. KLD_Z_Y1,Avg. KLD_Z_Y0,Avg. DIST_CORR,AUC Cell nll score,AVPR Cell nll score,AUC Row nll score,AVPR Row nll score,AUC Row class_y score,AVPR Row class_y score,Error lower-bound on dirty pos,Error upper-bound on dirty pos,Error repair on dirty pos,Error repair on clean pos,Error repair on clean pos - dirty points
1,402.44144292534725,372.9821804108796,0.840695129831632,21.40205283496998,34.68335144042969,0.0337945591211319,24.01229918077257,34.64955692997685,0.3168967763406259,0.8158466955526995,0.29316140877684627,0.6420141078347139,0.403456725792448,0.530594558366962,0.33788667014461626,0.45680319664322516,2.7946224782869895,0.5023988809394226,0.3158154221327633,0.31962246957385904
2,248.9989867259838,219.5569644097222,0.8402557270394431,-98.06313667353878,41.20025328233507,0.03315342247044599,30.754265765154802,41.167099672670716,0.2764198475943671,0.8485144380137347,0.3365645698019853,0.677980829110872,0.4467923571694935,0.5248450964190294,0.33800797763516,0.33180160172685813,2.7946224782869895,0.3947787555950609,0.24437000108475926,0.24930067926440957
