Epochs,Avg. TOTAL_LOSS,Avg. LOSS_ELBO,Avg. LOSS_SUP,Avg. NLL,Avg. KLD_TOT,Avg. KLD_Y,Avg. KLD_Z_Y1,Avg. KLD_Z_Y0,Avg. DIST_CORR,AUC Cell nll score,AVPR Cell nll score,AUC Row nll score,AVPR Row nll score,AUC Row class_y score,AVPR Row class_y score,Error lower-bound on dirty pos,Error upper-bound on dirty pos,Error repair on dirty pos,Error repair on clean pos,Error repair on clean pos - dirty points
1,458.67290581597223,374.6033962673611,0.8406951480441623,21.502684190538194,36.43249240451389,0.7426472557915582,25.020081922743056,35.68984917534722,0.3166682031419542,0.836082556205889,0.38545329792814886,0.6384545806951802,0.4788272588585645,0.530594558366962,0.33788667014461626,0.365497586735197,2.8358732013480195,0.4063443068716977,0.3119230923912255,0.3136060139767491
2,302.0591254340278,218.03355034722222,0.840255716111925,-103.9171169704861,42.829227701822916,0.7396322462293837,31.6292236328125,42.089594184027774,0.2791214307149251,0.8528004889148424,0.4361513934046318,0.6795451608734978,0.5302366243887306,0.5248450964190294,0.33800797763516,0.26582989808096474,2.8358732013480195,0.3135775717975874,0.2338889841096029,0.23928149609603178
